Name,Set,Set Code,Collector Number,Price,Quantity,Total Value,Foil,Scryfall ID,Released At,Image URL
Apex Altisaur,Commander 2019,C19,31,3.8,1,3.8,No,5f8b022e-3e7a-40e6-99a0-53e5adbdafc5,2019-08-23,https://cards.scryfall.io/normal/front/5/f/5f8b022e-3e7a-40e6-99a0-53e5adbdafc5.jpg?1782708134
Bane of the Living,Commander 2019,C19,104,0.41,1,0.41,No,946a0fb7-0e36-47d5-8083-09f48725dff1,2019-08-23,https://cards.scryfall.io/normal/front/9/4/946a0fb7-0e36-47d5-8083-09f48725dff1.jpg?1782708080
Biomass Mutation,Commander 2019,C19,187,0.26,1,0.26,No,2267c580-b641-4d6f-8bd9-deb1c6393d14,2019-08-23,https://cards.scryfall.io/normal/front/2/2/2267c580-b641-4d6f-8bd9-deb1c6393d14.jpg?1782708013
Bounty of the Luxa,Commander 2019,C19,189,0.3,2,0.6,No,921b65f2-dd91-41a4-990c-0886712f1e1a,2019-08-23,https://cards.scryfall.io/normal/front/9/2/921b65f2-dd91-41a4-990c-0886712f1e1a.jpg?1782708011
Chromeshell Crab,Commander 2019,C19,81,0.37,1,0.37,No,c91cf95f-5007-409c-b891-00e10a3477e0,2019-08-23,https://cards.scryfall.io/normal/front/c/9/c91cf95f-5007-409c-b891-00e10a3477e0.jpg?1782708099
Darkwater Catacombs,Commander 2019,C19,238,0.36,1,0.36,No,04360f65-bfed-4e3f-8733-11ad586d3c5f,2019-08-23,https://cards.scryfall.io/normal/front/0/4/04360f65-bfed-4e3f-8733-11ad586d3c5f.jpg?1782707979
Deathmist Raptor,Commander 2019,C19,160,0.36,1,0.36,No,1c73f83d-ee8f-48eb-9c3d-170f13062c74,2019-08-23,https://cards.scryfall.io/normal/front/1/c/1c73f83d-ee8f-48eb-9c3d-170f13062c74.jpg?1782708036
Den Protector,Commander 2019,C19,161,0.25,1,0.25,No,f6c1c367-35a9-4932-86a6-d63d3b9b326a,2019-08-23,https://cards.scryfall.io/normal/front/f/6/f6c1c367-35a9-4932-86a6-d63d3b9b326a.jpg?1782708035
Exotic Orchard,Commander 2019,C19,242,0.31,1,0.31,No,23de2dc2-348f-4eeb-ae0c-dda422d654b0,2019-08-23,https://cards.scryfall.io/normal/front/2/3/23de2dc2-348f-4eeb-ae0c-dda422d654b0.jpg?1782707976
Ghastly Conscription,Commander 2019,C19,115,0.43,1,0.43,No,8495d903-ef30-4aaa-9fe6-239dc0e34977,2019-08-23,https://cards.scryfall.io/normal/front/8/4/8495d903-ef30-4aaa-9fe6-239dc0e34977.jpg?1782708071
Gift of Doom,Commander 2019,C19,17,3.88,1,3.88,No,ad6e1ba7-047b-41a3-8ab4-17a5c5476749,2019-08-23,https://cards.scryfall.io/normal/front/a/d/ad6e1ba7-047b-41a3-8ab4-17a5c5476749.jpg?1782708143
Grim Haruspex,Commander 2019,C19,118,2.42,1,2.42,No,358ade1a-375d-44b4-910f-21d53c7498bb,2019-08-23,https://cards.scryfall.io/normal/front/3/5/358ade1a-375d-44b4-910f-21d53c7498bb.jpg?1782708069
"Grismold, the Dreadsower",Commander 2019,C19,44,0.75,1,0.75,No,8df64c80-9e98-4429-b869-7ac824fe9580,2019-08-23,https://cards.scryfall.io/normal/front/8/d/8df64c80-9e98-4429-b869-7ac824fe9580.jpg?1782708126
Hex,Commander 2019,C19,120,0.34,1,0.34,No,ea5685ef-684b-4426-bab7-710a51f994f8,2019-08-23,https://cards.scryfall.io/normal/front/e/a/ea5685ef-684b-4426-bab7-710a51f994f8.jpg?1782708067
Hooded Hydra,Commander 2019,C19,172,0.67,1,0.67,No,aecc699c-c955-4167-b8cf-35faa7ce94b4,2019-08-23,https://cards.scryfall.io/normal/front/a/e/aecc699c-c955-4167-b8cf-35faa7ce94b4.jpg?1782708027
Ixidron,Commander 2019,C19,87,0.5,1,0.5,No,c30ec372-5cf7-471c-b3fd-411095fc249a,2019-08-23,https://cards.scryfall.io/normal/front/c/3/c30ec372-5cf7-471c-b3fd-411095fc249a.jpg?1782708092
"Kadena, Slinking Sorcerer",Commander 2019,C19,45,0.25,1,0.25,Yes,68a144f1-df18-4dc5-81c3-dff2af27527f,2019-08-23,https://cards.scryfall.io/normal/front/6/8/68a144f1-df18-4dc5-81c3-dff2af27527f.jpg?1782708123
Kheru Spellsnatcher,Commander 2019,C19,89,0.25,1,0.25,No,dd8ac93b-0658-4fc5-819c-77ba0260142e,2019-08-23,https://cards.scryfall.io/normal/front/d/d/dd8ac93b-0658-4fc5-819c-77ba0260142e.jpg?1782708090
Llanowar Wastes,Commander 2019,C19,258,0.74,1,0.74,No,ec5506fe-695a-4747-b377-4d806215e121,2019-08-23,https://cards.scryfall.io/normal/front/e/c/ec5506fe-695a-4747-b377-4d806215e121.jpg?1782707966
Pendant of Prosperity,Commander 2019,C19,56,0.5,1,0.5,No,531f70f5-b667-436f-9a45-41dd08439191,2019-08-23,https://cards.scryfall.io/normal/front/5/3/531f70f5-b667-436f-9a45-41dd08439191.jpg?1782708117
"Rayami, First of the Fallen",Commander 2019,C19,48,0.27,1,0.27,Yes,6997ad62-f34c-4490-aee4-6d5c08e14709,2019-08-23,https://cards.scryfall.io/normal/front/6/9/6997ad62-f34c-4490-aee4-6d5c08e14709.jpg?1782708122
Road of Return,Commander 2019,C19,34,0.5,1,0.5,No,e718b21b-46d1-4844-985c-52745657b1ac,2019-08-23,https://cards.scryfall.io/normal/front/e/7/e718b21b-46d1-4844-985c-52745657b1ac.jpg?1782708131
Sagu Mauler,Commander 2019,C19,200,0.3,1,0.3,No,23de1159-4466-432d-917c-0f77d0610b4e,2019-08-23,https://cards.scryfall.io/normal/front/2/3/23de1159-4466-432d-917c-0f77d0610b4e.jpg?1782708005
Scroll of Fate,Commander 2019,C19,58,0.33,1,0.33,No,a25ffab0-1119-4eca-9abe-077a699f19d0,2019-08-23,https://cards.scryfall.io/normal/front/a/2/a25ffab0-1119-4eca-9abe-077a699f19d0.jpg?1782708115
Seedborn Muse,Commander 2019,C19,179,9.0,1,9.0,No,e3174fb4-5ce1-4594-b338-e301228e6484,2019-08-23,https://cards.scryfall.io/normal/front/e/3/e3174fb4-5ce1-4594-b338-e301228e6484.jpg?1782708019
Shrine of the Forsaken Gods,Commander 2019,C19,273,0.4,2,0.8,No,40838c37-3a23-4639-b3ff-879cf4b73d7a,2019-08-23,https://cards.scryfall.io/normal/front/4/0/40838c37-3a23-4639-b3ff-879cf4b73d7a.jpg?1782707954
Silumgar Assassin,Commander 2019,C19,128,0.35,1,0.35,No,818034cf-8b55-4c9b-b265-b08c23fb0aef,2019-08-23,https://cards.scryfall.io/normal/front/8/1/818034cf-8b55-4c9b-b265-b08c23fb0aef.jpg?1782708061
Sol Ring,Commander 2019,C19,221,1.49,1,1.49,No,e672d408-997c-4a19-810a-3da8411eecf2,2019-08-23,https://cards.scryfall.io/normal/front/e/6/e672d408-997c-4a19-810a-3da8411eecf2.jpg?1782707991
Stratus Dancer,Commander 2019,C19,96,0.35,1,0.35,No,82fb8b0c-b86e-4915-b72d-9a6b5c1368c7,2019-08-23,https://cards.scryfall.io/normal/front/8/2/82fb8b0c-b86e-4915-b72d-9a6b5c1368c7.jpg?1782708088
Sudden Substitution,Commander 2019,C19,11,2.44,1,2.44,No,9f7983bf-2a3b-4428-8c01-35285f589da8,2019-08-23,https://cards.scryfall.io/normal/front/9/f/9f7983bf-2a3b-4428-8c01-35285f589da8.jpg?1782708147
Sultai Charm,Commander 2019,C19,202,0.25,1,0.25,No,0f53f04d-aaa5-4cd1-8717-08aa9724b919,2019-08-23,https://cards.scryfall.io/normal/front/0/f/0f53f04d-aaa5-4cd1-8717-08aa9724b919.jpg?1782708003
Sunken Hollow,Commander 2019,C19,278,0.52,1,0.52,No,dddcc5e9-6f19-4fb5-9d79-a49ad71bf0c4,2019-08-23,https://cards.scryfall.io/normal/front/d/d/dddcc5e9-6f19-4fb5-9d79-a49ad71bf0c4.jpg?1782707952
Tempt with Discovery,Commander 2019,C19,183,3.17,1,3.17,No,79248b68-4fab-46da-ab15-5c71c1f68d4b,2019-08-23,https://cards.scryfall.io/normal/front/7/9/79248b68-4fab-46da-ab15-5c71c1f68d4b.jpg?1782708018
Thelonite Hermit,Commander 2019,C19,184,0.3,1,0.3,No,e523d19f-ab72-43f3-b25a-d434e77cd732,2019-08-23,https://cards.scryfall.io/normal/front/e/5/e523d19f-ab72-43f3-b25a-d434e77cd732.jpg?1782708018
Thespian's Stage,Commander 2019,C19,282,0.59,1,0.59,No,954c7792-c147-401d-bbe5-f1773ae3b301,2019-08-23,https://cards.scryfall.io/normal/front/9/5/954c7792-c147-401d-bbe5-f1773ae3b301.jpg?1782707949
Thieving Amalgam,Commander 2019,C19,21,0.53,1,0.53,No,06ed7c94-ed3c-427a-b62a-32e91e054671,2019-08-23,https://cards.scryfall.io/normal/front/0/6/06ed7c94-ed3c-427a-b62a-32e91e054671.jpg?1782708140
Thousand Winds,Commander 2019,C19,100,0.25,1,0.25,No,f73d6480-2ddb-465d-8d21-11163744378d,2019-08-23,https://cards.scryfall.io/normal/front/f/7/f73d6480-2ddb-465d-8d21-11163744378d.jpg?1782708082
Thran Dynamo,Commander 2019,C19,225,3.08,1,3.08,No,907801dd-179c-4669-b608-d810a7f608fd,2019-08-23,https://cards.scryfall.io/normal/front/9/0/907801dd-179c-4669-b608-d810a7f608fd.jpg?1782707987
Trail of Mystery,Commander 2019,C19,186,0.25,1,0.25,No,396ba16d-4d8f-4610-a946-394d1e88a62e,2019-08-23,https://cards.scryfall.io/normal/front/3/9/396ba16d-4d8f-4610-a946-394d1e88a62e.jpg?1782708016
Vesuvan Shapeshifter,Commander 2019,C19,101,0.44,1,0.44,No,1fe9eaf6-8f48-4b97-a6f8-a22a63225ed6,2019-08-23,https://cards.scryfall.io/normal/front/1/f/1fe9eaf6-8f48-4b97-a6f8-a22a63225ed6.jpg?1782708081
"Volrath, the Shapestealer",Commander 2019,C19,51,0.7,1,0.7,Yes,a149d6a5-c865-475a-87b7-596a19f6c80d,2019-08-23,https://cards.scryfall.io/normal/front/a/1/a149d6a5-c865-475a-87b7-596a19f6c80d.jpg?1782708120
Vraska the Unseen,Commander 2019,C19,207,0.75,1,0.75,No,a6ab9d2b-6cb3-4477-8d0e-712c530383bd,2019-08-23,https://cards.scryfall.io/normal/front/a/6/a6ab9d2b-6cb3-4477-8d0e-712c530383bd.jpg?1782708000
Willbender,Commander 2019,C19,102,0.25,1,0.25,No,6e6a3551-250c-4563-8c30-6d8f49e6429f,2019-08-23,https://cards.scryfall.io/normal/front/6/e/6e6a3551-250c-4563-8c30-6d8f49e6429f.jpg?1782708081
Yavimaya Coast,Commander 2019,C19,287,0.49,1,0.49,No,2f68a254-e104-42c6-954c-390a8b8f9558,2019-08-23,https://cards.scryfall.io/normal/front/2/f/2f68a254-e104-42c6-954c-390a8b8f9558.jpg?1782707944
Diviner's Lockbox,Core Set 2020,M20,225,0.2,1,0.2,No,da55c6a1-1f26-4254-ac62-fdbe94278de5,2019-07-12,https://cards.scryfall.io/normal/front/d/a/da55c6a1-1f26-4254-ac62-fdbe94278de5.jpg?1782708236
"Golos, Tireless Pilgrim",Core Set 2020,M20,226,1.25,1,1.25,No,1fa48620-4c3d-4f75-be1f-c12c4aa59f51,2019-07-12,https://cards.scryfall.io/normal/front/1/f/1fa48620-4c3d-4f75-be1f-c12c4aa59f51.jpg?1782708236
Mask of Immolation,Core Set 2020,M20,151,0.2,1,0.2,No,be2f4165-f87f-454b-b955-e4477c864e95,2019-07-12,https://cards.scryfall.io/normal/front/b/e/be2f4165-f87f-454b-b955-e4477c864e95.jpg?1782708288
Pattern Matcher,Core Set 2020,M20,234,0.2,1,0.2,No,ad608eb3-d387-4414-b194-703f38863896,2019-07-12,https://cards.scryfall.io/normal/front/a/d/ad608eb3-d387-4414-b194-703f38863896.jpg?1782708229
Shock,Core Set 2020,M20,160,0.2,1,0.2,No,3c866bdb-ff94-4f3f-8429-e72c2cbb94ef,2019-07-12,https://cards.scryfall.io/normal/front/3/c/3c866bdb-ff94-4f3f-8429-e72c2cbb94ef.jpg?1782708283
Vampire of the Dire Moon,Core Set 2020,M20,120,0.81,2,1.61,No,b3c185b9-5d97-4a5a-af0b-8b9c44dcd235,2019-07-12,https://cards.scryfall.io/normal/front/b/3/b3c185b9-5d97-4a5a-af0b-8b9c44dcd235.jpg?1782708309
Cordial Vampire,Modern Horizons,MH1,83,1.5,1,1.5,No,a90a1c44-ee0f-4c12-bfaf-6f371bcce167,2019-06-14,https://cards.scryfall.io/normal/front/a/9/a90a1c44-ee0f-4c12-bfaf-6f371bcce167.jpg?1782708511
Ajani's Pridemate,War of the Spark,WAR,4,0.23,2,0.46,No,b3656310-093d-4724-a399-7f7010843b1f,2019-05-03,https://cards.scryfall.io/normal/front/b/3/b3656310-093d-4724-a399-7f7010843b1f.jpg?1782708763
Bolt Bend,War of the Spark,WAR,115,3.6,1,3.6,No,39b35408-3728-4e1b-9f58-b0775df914d6,2019-05-03,https://cards.scryfall.io/normal/front/3/9/39b35408-3728-4e1b-9f58-b0775df914d6.jpg?1782708682
Bond of Passion,War of the Spark,WAR,116,0.2,1,0.2,No,ae644e9d-9bc4-4ccd-aef4-3d0559948aa6,2019-05-03,https://cards.scryfall.io/normal/front/a/e/ae644e9d-9bc4-4ccd-aef4-3d0559948aa6.jpg?1782708680
"Chandra, Fire Artisan",War of the Spark,WAR,119,0.5,1,0.5,No,d21a7b23-8827-49f2-ade4-75a602d17743,2019-05-03,https://cards.scryfall.io/normal/front/d/2/d21a7b23-8827-49f2-ade4-75a602d17743.jpg?1782708677
Command the Dreadhorde,War of the Spark,WAR,82,0.5,1,0.5,No,de7ec307-45e0-4853-85fe-9ce859b188c2,2019-05-03,https://cards.scryfall.io/normal/front/d/e/de7ec307-45e0-4853-85fe-9ce859b188c2.jpg?1782708705
Deathsprout,War of the Spark,WAR,189,0.34,1,0.34,No,6d615557-aea8-4057-9fbd-d62dd98edc13,2019-05-03,https://cards.scryfall.io/normal/front/6/d/6d615557-aea8-4057-9fbd-d62dd98edc13.jpg?1782708624
Emergence Zone,War of the Spark,WAR,245,2.95,1,2.95,No,ab95f6e7-b806-47fe-a071-6c38b3176d94,2019-05-03,https://cards.scryfall.io/normal/front/a/b/ab95f6e7-b806-47fe-a071-6c38b3176d94.jpg?1782708583
Firemind Vessel,War of the Spark,WAR,237,0.25,1,0.25,No,ec0ebb6b-d35a-47db-8071-7fef2a46c17b,2019-05-03,https://cards.scryfall.io/normal/front/e/c/ec0ebb6b-d35a-47db-8071-7fef2a46c17b.jpg?1782708590
"Gideon, the Oathsworn",War of the Spark,WAR,265,0.68,1,0.68,Yes,43e7331d-98b8-420f-a346-3f3521c3b258,2019-05-03,https://cards.scryfall.io/normal/front/4/3/43e7331d-98b8-420f-a346-3f3521c3b258.jpg?1782708570
God-Pharaoh's Statue,War of the Spark,WAR,238,0.7,1,0.7,No,7dce06ba-c1e1-45ec-82a7-fc10b0fa8870,2019-05-03,https://cards.scryfall.io/normal/front/7/d/7dce06ba-c1e1-45ec-82a7-fc10b0fa8870.jpg?1782708588
"Jace, Wielder of Mysteries",War of the Spark,WAR,54,8.65,1,8.65,Yes,6adb7d73-4482-4930-8497-cffd169b57e2,2019-05-03,https://cards.scryfall.io/normal/front/6/a/6adb7d73-4482-4930-8497-cffd169b57e2.jpg?1782708727
"Jaya, Venerated Firemage",War of the Spark,WAR,135,0.25,1,0.25,No,129dc8a8-9fbc-4300-b559-243395dc6ed5,2019-05-03,https://cards.scryfall.io/normal/front/1/2/129dc8a8-9fbc-4300-b559-243395dc6ed5.jpg?1782708664
"Nissa, Who Shakes the World",War of the Spark,WAR,169,3.0,1,3.0,No,f857bbe4-5619-4733-a0c7-69700f2ef4f3,2019-05-03,https://cards.scryfall.io/normal/front/f/8/f857bbe4-5619-4733-a0c7-69700f2ef4f3.jpg?1782708637
Paradise Druid,War of the Spark,WAR,171,0.25,1,0.25,No,6ed8d9e7-cdad-450d-8329-fa653d387a63,2019-05-03,https://cards.scryfall.io/normal/front/6/e/6ed8d9e7-cdad-450d-8329-fa653d387a63.jpg?1782708637
Silent Submersible,War of the Spark,WAR,66,0.29,1,0.29,No,ae2f3dee-1768-4562-9333-a50b9ee7570f,2019-05-03,https://cards.scryfall.io/normal/front/a/e/ae2f3dee-1768-4562-9333-a50b9ee7570f.jpg?1782708719
"Sorin, Vengeful Bloodlord",War of the Spark,WAR,217,0.98,1,0.98,No,354fe9bd-4ec8-409c-8ce5-b29393f3d169,2019-05-03,https://cards.scryfall.io/normal/front/3/5/354fe9bd-4ec8-409c-8ce5-b29393f3d169.jpg?1782708602
"Teyo, the Shieldmage",War of the Spark,WAR,32,0.28,1,0.28,No,a974571c-d8d5-4860-9077-2023e5f32a24,2019-05-03,https://cards.scryfall.io/normal/front/a/9/a974571c-d8d5-4860-9077-2023e5f32a24.jpg?1782708743
"Ugin, the Ineffable",War of the Spark,WAR,2,1.2,1,1.2,No,7b003521-3da3-41bf-9765-36630653f902,2019-05-03,https://cards.scryfall.io/normal/front/7/b/7b003521-3da3-41bf-9765-36630653f902.jpg?1782708762
Deadbridge Chant,Guilds of Ravnica: Guild Kits,GK1,58,0.5,1,0.5,No,ec89d15b-415e-4c70-abfc-fc97ce9c5c14,2018-11-02,https://cards.scryfall.io/normal/front/e/c/ec89d15b-415e-4c70-abfc-fc97ce9c5c14.jpg?1782747351
Deathrite Shaman,Guilds of Ravnica: Guild Kits,GK1,59,5.65,1,5.65,No,a65e485b-03a2-4634-9218-f5bb7c104d41,2018-11-02,https://cards.scryfall.io/normal/front/a/6/a65e485b-03a2-4634-9218-f5bb7c104d41.jpg?1782747350
Gaze of Granite,Guilds of Ravnica: Guild Kits,GK1,61,0.36,1,0.36,No,d3d3ce6d-b8f7-45b3-aebd-33cd6d4d98cd,2018-11-02,https://cards.scryfall.io/normal/front/d/3/d3d3ce6d-b8f7-45b3-aebd-33cd6d4d98cd.jpg?1782747349
Grave-Shell Scarab,Guilds of Ravnica: Guild Kits,GK1,63,0.49,1,0.49,No,302bb2d4-f7a5-4c25-9236-f3eecf3adcd6,2018-11-02,https://cards.scryfall.io/normal/front/3/0/302bb2d4-f7a5-4c25-9236-f3eecf3adcd6.jpg?1782747348
"Izoni, Thousand-Eyed",Guilds of Ravnica: Guild Kits,GK1,50,0.82,1,0.82,Yes,003c6e4d-16f4-4ce8-9df2-a59e736b52cd,2018-11-02,https://cards.scryfall.io/normal/front/0/0/003c6e4d-16f4-4ce8-9df2-a59e736b52cd.jpg?1782747356
"Jarad, Golgari Lich Lord",Guilds of Ravnica: Guild Kits,GK1,65,3.44,1,3.44,No,8e3b1844-6fff-40dc-a357-3394f63ea8dc,2018-11-02,https://cards.scryfall.io/normal/front/8/e/8e3b1844-6fff-40dc-a357-3394f63ea8dc.jpg?1782747347
Korozda Guildmage,Guilds of Ravnica: Guild Kits,GK1,66,0.25,1,0.25,No,37622ca4-5627-4cae-af60-c4a2a4368cec,2018-11-02,https://cards.scryfall.io/normal/front/3/7/37622ca4-5627-4cae-af60-c4a2a4368cec.jpg?1782747347
"Savra, Queen of the Golgari",Guilds of Ravnica: Guild Kits,GK1,69,1.0,1,1.0,No,fa6999a6-5840-4c9a-b6d4-4275c2554cc5,2018-11-02,https://cards.scryfall.io/normal/front/f/a/fa6999a6-5840-4c9a-b6d4-4275c2554cc5.jpg?1782747345
Assassin's Trophy,Guilds of Ravnica,GRN,152,2.88,1,2.88,No,906b6e99-128f-4c11-8daf-16099d35b0d4,2018-10-05,https://cards.scryfall.io/normal/front/9/0/906b6e99-128f-4c11-8daf-16099d35b0d4.jpg?1782709081
Beacon Bolt,Guilds of Ravnica,GRN,154,0.24,1,0.24,No,39c9e4b5-364b-4c0b-bb47-266563a6abf2,2018-10-05,https://cards.scryfall.io/normal/front/3/9/39c9e4b5-364b-4c0b-bb47-266563a6abf2.jpg?1782709079
Chamber Sentry,Guilds of Ravnica,GRN,232,0.25,1,0.25,No,15dfd5f2-5298-4cf4-80fe-43db9be24f57,2018-10-05,https://cards.scryfall.io/normal/front/1/5/15dfd5f2-5298-4cf4-80fe-43db9be24f57.jpg?1782709027
Charnel Troll,Guilds of Ravnica,GRN,160,0.27,1,0.27,No,71fec229-e22c-4655-8640-02d0ec472be0,2018-10-05,https://cards.scryfall.io/normal/front/7/1/71fec229-e22c-4655-8640-02d0ec472be0.jpg?1782709074
Dawn of Hope,Guilds of Ravnica,GRN,8,0.46,2,0.93,No,cf2a9e82-8670-4b7f-b5f0-8e10f8aeff1c,2018-10-05,https://cards.scryfall.io/normal/front/c/f/cf2a9e82-8670-4b7f-b5f0-8e10f8aeff1c.jpg?1782709178
Dead Weight,Guilds of Ravnica,GRN,67,0.17,2,0.34,No,a1a81554-50d4-4fe0-bf0d-5304f215d19e,2018-10-05,https://cards.scryfall.io/normal/front/a/1/a1a81554-50d4-4fe0-bf0d-5304f215d19e.jpg?1782709137
Expansion // Explosion,Guilds of Ravnica,GRN,224,0.69,1,0.69,No,e0644c92-4d67-475e-8c8e-0e2c493682fb,2018-10-05,https://cards.scryfall.io/normal/front/e/0/e0644c92-4d67-475e-8c8e-0e2c493682fb.jpg?1782709032
Golgari Findbroker,Guilds of Ravnica,GRN,175,0.2,1,0.2,No,e12bd0e5-db96-4340-9b04-6855fd0fd8b9,2018-10-05,https://cards.scryfall.io/normal/front/e/1/e12bd0e5-db96-4340-9b04-6855fd0fd8b9.jpg?1782709066
Haazda Marshal,Guilds of Ravnica,GRN,13,0.24,1,0.24,No,5c561d89-b02d-4f1a-b49a-cdf2def3404d,2018-10-05,https://cards.scryfall.io/normal/front/5/c/5c561d89-b02d-4f1a-b49a-cdf2def3404d.jpg?1782709175
Invert // Invent,Guilds of Ravnica,GRN,228,0.25,1,0.25,No,054a4e4f-8baa-41cf-b24c-d068e8b9a070,2018-10-05,https://cards.scryfall.io/normal/front/0/5/054a4e4f-8baa-41cf-b24c-d068e8b9a070.jpg?1782709031
Knight of Autumn,Guilds of Ravnica,GRN,183,0.5,1,0.5,No,3028075c-5fc5-4942-a984-1ffcf7a8933d,2018-10-05,https://cards.scryfall.io/normal/front/3/0/3028075c-5fc5-4942-a984-1ffcf7a8933d.jpg?1782709059
Necrotic Wound,Guilds of Ravnica,GRN,79,0.2,2,0.4,No,9ab636af-5b30-4138-8e68-81f567f10417,2018-10-05,https://cards.scryfall.io/normal/front/9/a/9ab636af-5b30-4138-8e68-81f567f10417.jpg?1782709129
Nightveil Sprite,Guilds of Ravnica,GRN,48,0.2,1,0.2,No,534d1166-4e01-4ec8-b4d9-e76861ec51b9,2018-10-05,https://cards.scryfall.io/normal/front/5/3/534d1166-4e01-4ec8-b4d9-e76861ec51b9.jpg?1782709151
Rampaging Monument,Guilds of Ravnica,GRN,239,0.2,2,0.4,No,b5fbe445-a788-4624-8ecf-8bc06c3ca8f8,2018-10-05,https://cards.scryfall.io/normal/front/b/5/b5fbe445-a788-4624-8ecf-8bc06c3ca8f8.jpg?1782709024
Ritual of Soot,Guilds of Ravnica,GRN,84,0.35,1,0.35,No,269af993-4894-4bf1-b55a-af4d736cb3cc,2018-10-05,https://cards.scryfall.io/normal/front/2/6/269af993-4894-4bf1-b55a-af4d736cb3cc.jpg?1782709127
Runaway Steam-Kin,Guilds of Ravnica,GRN,115,1.03,1,1.03,No,d8c9c111-fbc7-44e1-94bd-1ca164370623,2018-10-05,https://cards.scryfall.io/normal/front/d/8/d8c9c111-fbc7-44e1-94bd-1ca164370623.jpg?1782709105
Status // Statue,Guilds of Ravnica,GRN,230,0.23,1,0.23,No,44614c6d-5508-4077-b825-66d5d684086c,2018-10-05,https://cards.scryfall.io/normal/front/4/4/44614c6d-5508-4077-b825-66d5d684086c.jpg?1782709027
Swarm Guildmage,Guilds of Ravnica,GRN,201,0.2,1,0.2,No,7599adc7-72b2-4079-ac0a-1a821f9de925,2018-10-05,https://cards.scryfall.io/normal/front/7/5/7599adc7-72b2-4079-ac0a-1a821f9de925.jpg?1782709048
Wee Dragonauts,Guilds of Ravnica,GRN,214,0.2,1,0.2,No,37ee17a1-76ce-4ae8-9109-ba32457cbeec,2018-10-05,https://cards.scryfall.io/normal/front/3/7/37ee17a1-76ce-4ae8-9109-ba32457cbeec.jpg?1782709040
Aggressive Mammoth,Core Set 2019,M19,302,0.5,1,0.5,No,323f3c76-5e79-43e6-ae78-f555810edbc3,2018-07-13,https://cards.scryfall.io/normal/front/3/2/323f3c76-5e79-43e6-ae78-f555810edbc3.jpg?1782709430
Banefire,Core Set 2019,M19,130,0.64,1,0.64,No,5b012532-1186-4dc8-9d42-867e418b0280,2018-07-13,https://cards.scryfall.io/normal/front/5/b/5b012532-1186-4dc8-9d42-867e418b0280.jpg?1782709553
Colossal Majesty,Core Set 2019,M19,173,0.96,1,0.96,No,93f99796-ddc5-4ccd-b925-35622a8648b8,2018-07-13,https://cards.scryfall.io/normal/front/9/3/93f99796-ddc5-4ccd-b925-35622a8648b8.jpg?1782709524
Demanding Dragon,Core Set 2019,M19,135,0.49,2,0.98,No,31b73282-6207-4207-8b9c-86a8f9a263a2,2018-07-13,https://cards.scryfall.io/normal/front/3/1/31b73282-6207-4207-8b9c-86a8f9a263a2.jpg?1782709551
Druid of Horns,Core Set 2019,M19,176,0.21,1,0.21,No,19ca91ea-dffd-44a9-a54a-c664d83c357b,2018-07-13,https://cards.scryfall.io/normal/front/1/9/19ca91ea-dffd-44a9-a54a-c664d83c357b.jpg?1782709519
Gargoyle Sentinel,Core Set 2019,M19,236,0.2,1,0.2,No,381e9f97-9655-4f41-9829-4ac26c2ed6ac,2018-07-13,https://cards.scryfall.io/normal/front/3/8/381e9f97-9655-4f41-9829-4ac26c2ed6ac.jpg?1782709477
Gigantosaurus,Core Set 2019,M19,185,1.79,1,1.79,No,c1db84d8-d426-4c0d-b44e-5be7b0f5f5bf,2018-07-13,https://cards.scryfall.io/normal/front/c/1/c1db84d8-d426-4c0d-b44e-5be7b0f5f5bf.jpg?1782709516
"Goreclaw, Terror of Qal Sisma",Core Set 2019,M19,186,0.79,1,0.79,No,36d4574a-3266-4497-b145-fb25820d8a7f,2018-07-13,https://cards.scryfall.io/normal/front/3/6/36d4574a-3266-4497-b145-fb25820d8a7f.jpg?1782709513
Hieromancer's Cage,Core Set 2019,M19,14,0.2,1,0.2,No,197743cd-249c-42ba-ac8d-027c088f8418,2018-07-13,https://cards.scryfall.io/normal/front/1/9/197743cd-249c-42ba-ac8d-027c088f8418.jpg?1782709636
Isareth the Awakener,Core Set 2019,M19,104,0.3,1,0.3,No,74e49567-8ad6-4ce9-a55d-4db5e0fd9532,2018-07-13,https://cards.scryfall.io/normal/front/7/4/74e49567-8ad6-4ce9-a55d-4db5e0fd9532.jpg?1782709572
"Lathliss, Dragon Queen",Core Set 2019,M19,149,1.71,1,1.71,No,54a4c37d-5eeb-42c9-9688-c2ed0d5044cd,2018-07-13,https://cards.scryfall.io/normal/front/5/4/54a4c37d-5eeb-42c9-9688-c2ed0d5044cd.jpg?1782709541
Poison-Tip Archer,Core Set 2019,M19,220,0.49,1,0.49,No,5e058ff8-043c-498b-8310-0ca45466ac27,2018-07-13,https://cards.scryfall.io/normal/front/5/e/5e058ff8-043c-498b-8310-0ca45466ac27.jpg?1782709489
Prodigious Growth,Core Set 2019,M19,194,0.35,1,0.35,No,ba2b0966-4e9e-44dc-9145-3c1e644578bc,2018-07-13,https://cards.scryfall.io/normal/front/b/a/ba2b0966-4e9e-44dc-9145-3c1e644578bc.jpg?1782709508
Regal Bloodlord,Core Set 2019,M19,222,0.25,1,0.25,No,65a75d3a-58cb-4ee0-88d3-52099cb57ac3,2018-07-13,https://cards.scryfall.io/normal/front/6/5/65a75d3a-58cb-4ee0-88d3-52099cb57ac3.jpg?1782709486
Riddlemaster Sphinx,Core Set 2019,M19,287,0.25,1,0.25,No,037f6792-ab41-4bcd-a0a3-a4af4a801eb7,2018-07-13,https://cards.scryfall.io/normal/front/0/3/037f6792-ab41-4bcd-a0a3-a4af4a801eb7.jpg?1782709441
Rupture Spire,Core Set 2019,M19,255,0.25,1,0.25,No,b7657f02-d1dd-448e-bc0d-c6f25fbc35ea,2018-07-13,https://cards.scryfall.io/normal/front/b/7/b7657f02-d1dd-448e-bc0d-c6f25fbc35ea.jpg?1782709462
Serra's Guardian,Core Set 2019,M19,284,0.48,1,0.48,No,1a1d95b9-aa18-41e2-b972-93fda25e0b11,2018-07-13,https://cards.scryfall.io/normal/front/1/a/1a1d95b9-aa18-41e2-b972-93fda25e0b11.jpg?1782709443
Suncleanser,Core Set 2019,M19,39,0.5,1,0.5,No,3644df41-b690-4581-ac7d-c85cec75411f,2018-07-13,https://cards.scryfall.io/normal/front/3/6/3644df41-b690-4581-ac7d-c85cec75411f.jpg?1782709619
Vine Mare,Core Set 2019,M19,207,0.25,1,0.25,No,b9980835-cd32-4870-88df-c79cd5534968,2018-07-13,https://cards.scryfall.io/normal/front/b/9/b9980835-cd32-4870-88df-c79cd5534968.jpg?1782709499
Amaranthine Wall,Dominaria,DOM,210,0.25,1,0.25,No,73b49065-0a46-4813-a721-71d718e73d18,2018-04-27,https://cards.scryfall.io/normal/front/7/3/73b49065-0a46-4813-a721-71d718e73d18.jpg?1782710068
"Baird, Steward of Argive",Dominaria,DOM,4,0.26,1,0.26,No,d1a9594e-edc9-42b2-ba8a-8298da9441fb,2018-04-27,https://cards.scryfall.io/normal/front/d/1/d1a9594e-edc9-42b2-ba8a-8298da9441fb.jpg?1782710190
Cast Down,Dominaria,DOM,81,0.35,1,0.35,No,116ce944-6871-4f51-a889-d9c4a5d7cff2,2018-04-27,https://cards.scryfall.io/normal/front/1/1/116ce944-6871-4f51-a889-d9c4a5d7cff2.jpg?1782710145
Daring Archaeologist,Dominaria,DOM,13,0.25,1,0.25,No,306ebfe1-428d-4f38-950e-b72a44262c25,2018-04-27,https://cards.scryfall.io/normal/front/3/0/306ebfe1-428d-4f38-950e-b72a44262c25.jpg?1782710187
Dauntless Bodyguard,Dominaria,DOM,14,0.25,1,0.25,No,a3f82012-5c33-47bc-a3c8-56ae2eea1fb9,2018-04-27,https://cards.scryfall.io/normal/front/a/3/a3f82012-5c33-47bc-a3c8-56ae2eea1fb9.jpg?1782710187
Goblin Chainwhirler,Dominaria,DOM,129,0.73,2,1.46,No,8bdb2883-3cfd-4fb0-9f99-6a57277f7fe4,2018-04-27,https://cards.scryfall.io/normal/front/8/b/8bdb2883-3cfd-4fb0-9f99-6a57277f7fe4.jpg?1782710116
Helm of the Host,Dominaria,DOM,217,10.03,1,10.03,No,1d65d20c-09e5-4139-838b-7e0e48eb2b2b,2018-04-27,https://cards.scryfall.io/normal/front/1/d/1d65d20c-09e5-4139-838b-7e0e48eb2b2b.jpg?1782710065
Knight of Grace,Dominaria,DOM,23,0.25,2,0.5,No,7bbbddc0-f8b3-4255-bd82-d50f829ca009,2018-04-27,https://cards.scryfall.io/normal/front/7/b/7bbbddc0-f8b3-4255-bd82-d50f829ca009.jpg?1782710180
"Kwende, Pride of Femeref",Dominaria,DOM,25,0.24,1,0.24,No,b4d3b6a8-3e4a-4e2b-900a-9a21fa0ced4c,2018-04-27,https://cards.scryfall.io/normal/front/b/4/b4d3b6a8-3e4a-4e2b-900a-9a21fa0ced4c.jpg?1782710179
"Naban, Dean of Iteration",Dominaria,DOM,58,0.51,1,0.51,No,88f41175-880f-491e-96c3-bf52f3c0db5d,2018-04-27,https://cards.scryfall.io/normal/front/8/8/88f41175-880f-491e-96c3-bf52f3c0db5d.jpg?1782710159
Precognition Field,Dominaria,DOM,61,0.35,1,0.35,No,cf2a92ee-2b20-4299-84b2-b4963f4a42a1,2018-04-27,https://cards.scryfall.io/normal/front/c/f/cf2a92ee-2b20-4299-84b2-b4963f4a42a1.jpg?1782710158
"Rona, Disciple of Gix",Dominaria,DOM,203,0.21,1,0.21,No,45420f5e-f7f8-4db7-9b54-e2fa1be22094,2018-04-27,https://cards.scryfall.io/normal/front/4/5/45420f5e-f7f8-4db7-9b54-e2fa1be22094.jpg?1782710073
Shield of the Realm,Dominaria,DOM,228,0.2,1,0.2,No,7207edf8-8534-4982-969f-df97febcb9fc,2018-04-27,https://cards.scryfall.io/normal/front/7/2/7207edf8-8534-4982-969f-df97febcb9fc.jpg?1782710059
"Slimefoot, the Stowaway",Dominaria,DOM,205,0.25,1,0.25,No,e8815cd9-7032-445a-aebc-cfc19bd51ee4,2018-04-27,https://cards.scryfall.io/normal/front/e/8/e8815cd9-7032-445a-aebc-cfc19bd51ee4.jpg?1782710072
Spore Swarm,Dominaria,DOM,180,0.25,1,0.25,No,b2314215-23af-4c8e-860f-b029e151af36,2018-04-27,https://cards.scryfall.io/normal/front/b/2/b2314215-23af-4c8e-860f-b029e151af36.jpg?1782710087
Territorial Allosaurus,Dominaria,DOM,184,0.4,1,0.4,No,3d8ac2b0-47ea-4aa3-bf24-c78227a0c913,2018-04-27,https://cards.scryfall.io/normal/front/3/d/3d8ac2b0-47ea-4aa3-bf24-c78227a0c913.jpg?1782710084
"Tetsuko Umezawa, Fugitive",Dominaria,DOM,69,0.25,1,0.25,No,16185c50-f7b8-4cea-a129-dfad8e9df781,2018-04-27,https://cards.scryfall.io/normal/front/1/6/16185c50-f7b8-4cea-a129-dfad8e9df781.jpg?1782710152
Verdant Force,Dominaria,DOM,187,0.49,1,0.49,No,1d972f97-1945-440b-8bd3-63038db22257,2018-04-27,https://cards.scryfall.io/normal/front/1/d/1d972f97-1945-440b-8bd3-63038db22257.jpg?1782710082
"Whisper, Blood Liturgist",Dominaria,DOM,111,0.25,1,0.25,No,0647feeb-ad7a-40c7-830f-f307ba8339ad,2018-04-27,https://cards.scryfall.io/normal/front/0/6/0647feeb-ad7a-40c7-830f-f307ba8339ad.jpg?1782710129
Wizard's Retort,Dominaria,DOM,75,0.25,1,0.25,No,bae30b7d-9306-46ef-adea-c4057f59c9c1,2018-04-27,https://cards.scryfall.io/normal/front/b/a/bae30b7d-9306-46ef-adea-c4057f59c9c1.jpg?1782710150
Woodland Cemetery,Dominaria,DOM,248,1.0,1,1.0,No,ba05cf47-9823-41f9-b893-321ea89e473e,2018-04-27,https://cards.scryfall.io/normal/front/b/a/ba05cf47-9823-41f9-b893-321ea89e473e.jpg?1782710048
"Azor, the Lawbringer",Rivals of Ixalan,RIX,154,0.94,2,1.88,No,30dc237e-b28a-4b65-9790-6b434828bf2e,2018-01-19,https://cards.scryfall.io/normal/front/3/0/30dc237e-b28a-4b65-9790-6b434828bf2e.jpg?1782710226
Deeproot Elite,Rivals of Ixalan,RIX,127,0.4,2,0.8,No,c8b738ce-a609-448f-97ea-bbf90ba833d7,2018-01-19,https://cards.scryfall.io/normal/front/c/8/c8b738ce-a609-448f-97ea-bbf90ba833d7.jpg?1782710244
Expel from Orazca,Rivals of Ixalan,RIX,37,0.26,1,0.26,No,64f5119f-3921-48a5-a8fb-0cb1bbabde30,2018-01-19,https://cards.scryfall.io/normal/front/6/4/64f5119f-3921-48a5-a8fb-0cb1bbabde30.jpg?1782710296
Ravenous Chupacabra,Rivals of Ixalan,RIX,82,0.4,1,0.4,No,02551196-ecea-472f-9547-3c9658d0489e,2018-01-19,https://cards.scryfall.io/normal/front/0/2/02551196-ecea-472f-9547-3c9658d0489e.jpg?1782710269
Silent Gravestone,Rivals of Ixalan,RIX,182,0.5,1,0.5,No,ff60f685-a17e-4be6-bbb6-d14a053533ef,2018-01-19,https://cards.scryfall.io/normal/front/f/f/ff60f685-a17e-4be6-bbb6-d14a053533ef.jpg?1782710208
Storm Fleet Sprinter,Rivals of Ixalan,RIX,172,0.33,1,0.33,No,41ad8525-7618-4c2b-8037-46f53dd42ee0,2018-01-19,https://cards.scryfall.io/normal/front/4/1/41ad8525-7618-4c2b-8037-46f53dd42ee0.jpg?1782710214
Warkite Marauder,Rivals of Ixalan,RIX,60,0.4,1,0.4,No,802ff9cf-f739-40cb-8974-77f6850150eb,2018-01-19,https://cards.scryfall.io/normal/front/8/0/802ff9cf-f739-40cb-8974-77f6850150eb.jpg?1782710282
Hadana's Climb,Rivals of Ixalan,RIX,158,2.13,1,2.13,No,8e7554bc-8583-4059-8895-c3845bc27ae3,2018-01-19,https://cards.scryfall.io/normal/front/8/e/8e7554bc-8583-4059-8895-c3845bc27ae3.jpg?1782710224
Chart a Course,Ixalan,XLN,48,0.25,1,0.25,No,98291778-2ec2-47e2-ac99-5f8cfbb3cf24,2017-09-29,https://cards.scryfall.io/normal/front/9/8/98291778-2ec2-47e2-ac99-5f8cfbb3cf24.jpg?1782710474
Daring Saboteur,Ixalan,XLN,49,0.25,1,0.25,No,57cb012c-947c-4281-8619-1384acf6df54,2017-09-29,https://cards.scryfall.io/normal/front/5/7/57cb012c-947c-4281-8619-1384acf6df54.jpg?1782710473
Ixalan's Binding,Ixalan,XLN,17,0.25,1,0.25,No,5f3c8c31-ceb8-4a2c-beb6-0ff5f7b6ae07,2017-09-29,https://cards.scryfall.io/normal/front/5/f/5f3c8c31-ceb8-4a2c-beb6-0ff5f7b6ae07.jpg?1782710495
Perilous Voyage,Ixalan,XLN,67,0.2,1,0.2,No,c9f6623e-2784-4bc9-9d8c-3eee9c78c350,2017-09-29,https://cards.scryfall.io/normal/front/c/9/c9f6623e-2784-4bc9-9d8c-3eee9c78c350.jpg?1782710462
Sorcerous Spyglass,Ixalan,XLN,248,0.35,1,0.35,No,85506a24-8d60-475c-9f43-65994caca7d4,2017-09-29,https://cards.scryfall.io/normal/front/8/5/85506a24-8d60-475c-9f43-65994caca7d4.jpg?1782710343
Spell Swindle,Ixalan,XLN,82,1.4,1,1.4,No,6e619ada-e9ce-4758-afd8-8def853877eb,2017-09-29,https://cards.scryfall.io/normal/front/6/e/6e619ada-e9ce-4758-afd8-8def853877eb.jpg?1782710450
Nissa's Encouragement,Hour of Devastation,HOU,203,0.29,1,0.29,No,a489d5c7-ef57-4973-86ac-06234c308c3c,2017-07-14,https://cards.scryfall.io/normal/front/a/4/a489d5c7-ef57-4973-86ac-06234c308c3c.jpg?1782710695
River Hoopoe,Hour of Devastation,HOU,143,0.2,1,0.2,No,585ec4c2-aae2-403e-af32-3324122c472a,2017-07-14,https://cards.scryfall.io/normal/front/5/8/585ec4c2-aae2-403e-af32-3324122c472a.jpg?1782710732
Edifice of Authority,Amonkhet,AKH,226,0.2,1,0.2,No,66e6fa29-087f-4da6-9114-30feec708560,2017-04-28,https://cards.scryfall.io/normal/front/6/6/66e6fa29-087f-4da6-9114-30feec708560.jpg?1782711075
Garruk's Horde,Welcome Deck 2017,W17,24,0.33,1,0.33,No,9b501b60-e541-430e-b7e2-b51c287093db,2017-04-15,https://cards.scryfall.io/normal/front/9/b/9b501b60-e541-430e-b7e2-b51c287093db.jpg?1782749020
Sphinx of Magosi,Welcome Deck 2017,W17,12,0.25,1,0.25,No,a2b4f70d-e922-4ecb-9d5a-6253f7a7716c,2017-04-15,https://cards.scryfall.io/normal/front/a/2/a2b4f70d-e922-4ecb-9d5a-6253f7a7716c.jpg?1782749026
Aetherstorm Roc,Kaladesh,KLD,3,0.28,1,0.28,No,79fb7541-7a27-40a5-aabd-fce26df03485,2016-09-30,https://cards.scryfall.io/normal/front/7/9/79fb7541-7a27-40a5-aabd-fce26df03485.jpg?1782711627
Bristling Hydra,Kaladesh,KLD,147,0.25,1,0.25,No,4bf38096-05bc-4734-b33c-eb1e8f2986de,2016-09-30,https://cards.scryfall.io/normal/front/4/b/4bf38096-05bc-4734-b33c-eb1e8f2986de.jpg?1782711537
"Chandra, Pyrogenius",Kaladesh,KLD,265,0.86,1,0.86,Yes,5ab8435b-5fe8-4074-8809-46aa6e5504c8,2016-09-30,https://cards.scryfall.io/normal/front/5/a/5ab8435b-5fe8-4074-8809-46aa6e5504c8.jpg?1782711466
"Chandra, Torch of Defiance",Kaladesh,KLD,110,2.89,1,2.89,No,ff8086cd-b868-4f4e-823e-2635ad7ebc07,2016-09-30,https://cards.scryfall.io/normal/front/f/f/ff8086cd-b868-4f4e-823e-2635ad7ebc07.jpg?1782711560
Impeccable Timing,Kaladesh,KLD,19,0.15,1,0.15,No,2921c95e-bf2f-409b-a41d-86d873690562,2016-09-30,https://cards.scryfall.io/normal/front/2/9/2921c95e-bf2f-409b-a41d-86d873690562.jpg?1782711619
Angel of Deliverance,Shadows over Innistrad,SOI,2,0.33,1,0.33,No,f4e12f83-eab8-4113-ab63-3f7a830861d4,2016-04-08,https://cards.scryfall.io/normal/front/f/4/f4e12f83-eab8-4113-ab63-3f7a830861d4.jpg?1782712159
Devils' Playground,Shadows over Innistrad,SOI,151,0.3,1,0.3,No,1207e6eb-15a7-4ec4-91b3-880375704bb6,2016-04-08,https://cards.scryfall.io/normal/front/1/2/1207e6eb-15a7-4ec4-91b3-880375704bb6.jpg?1782712054
Forgotten Creation,Shadows over Innistrad,SOI,63,0.44,1,0.44,No,27f82ee6-b8cd-4dce-b213-3910302f30e9,2016-04-08,https://cards.scryfall.io/normal/front/2/7/27f82ee6-b8cd-4dce-b213-3910302f30e9.jpg?1782712116
Indulgent Aristocrat,Shadows over Innistrad,SOI,118,0.26,1,0.26,No,f24200d4-cd98-424c-bc2f-69f8b361d8fc,2016-04-08,https://cards.scryfall.io/normal/front/f/2/f24200d4-cd98-424c-bc2f-69f8b361d8fc.jpg?1782712077
Mad Prophet,Shadows over Innistrad,SOI,171,0.2,1,0.2,No,8f498cb6-2be2-4cd0-b002-564a0f006a69,2016-04-08,https://cards.scryfall.io/normal/front/8/f/8f498cb6-2be2-4cd0-b002-564a0f006a69.jpg?1782712040
Malevolent Whispers,Shadows over Innistrad,SOI,173,0.2,2,0.4,No,674d33d6-dfd4-4972-aaa3-6de0236a8c45,2016-04-08,https://cards.scryfall.io/normal/front/6/7/674d33d6-dfd4-4972-aaa3-6de0236a8c45.jpg?1782712039
Nightmare,Welcome Deck 2016,W16,8,0.25,1,0.25,No,afc8ec11-78cc-438f-9e49-50089fd247e6,2016-04-08,https://cards.scryfall.io/normal/front/a/f/afc8ec11-78cc-438f-9e49-50089fd247e6.jpg?1782750035
Port Town,Shadows over Innistrad,SOI,278,0.38,1,0.38,No,b866712a-c3ef-4a43-ac0f-146c7836f0d6,2016-04-08,https://cards.scryfall.io/normal/front/b/8/b866712a-c3ef-4a43-ac0f-146c7836f0d6.jpg?1782711963
Sengir Vampire,Welcome Deck 2016,W16,9,0.2,1,0.2,No,3e28d7bb-4520-4cf4-85c9-c56f5da40d82,2016-04-08,https://cards.scryfall.io/normal/front/3/e/3e28d7bb-4520-4cf4-85c9-c56f5da40d82.jpg?1782750035
Serra Angel,Welcome Deck 2016,W16,3,0.25,1,0.25,No,8752c1db-b924-4dda-8b71-4c254d0ef2de,2016-04-08,https://cards.scryfall.io/normal/front/8/7/8752c1db-b924-4dda-8b71-4c254d0ef2de.jpg?1782750038
Sphinx of Magosi,Welcome Deck 2016,W16,6,0.25,1,0.25,No,da35e1ce-cbfa-499d-b4e0-5857b1587506,2016-04-08,https://cards.scryfall.io/normal/front/d/a/da35e1ce-cbfa-499d-b4e0-5857b1587506.jpg?1782750036
Hanweir Militia Captain,Shadows over Innistrad,SOI,21,0.59,1,0.59,No,7e137566-5033-48e8-88ba-65e3821b3cec,2016-04-08,https://cards.scryfall.io/normal/front/7/e/7e137566-5033-48e8-88ba-65e3821b3cec.jpg?1782712147
Bonds of Mortality,Oath of the Gatewatch,OGW,128,0.3,1,0.3,No,ff50de00-115f-41ed-892b-aac9bd13b9b9,2016-01-22,https://cards.scryfall.io/normal/front/f/f/ff50de00-115f-41ed-892b-aac9bd13b9b9.jpg?1782712188
Cliffhaven Vampire,Oath of the Gatewatch,OGW,153,0.78,1,0.78,No,5544247d-1f8f-443f-a4c4-d8461db28a79,2016-01-22,https://cards.scryfall.io/normal/front/5/5/5544247d-1f8f-443f-a4c4-d8461db28a79.jpg?1782712178
Essence Depleter,Oath of the Gatewatch,OGW,69,0.2,1,0.2,No,996da623-1c34-4545-a800-648238ea91ae,2016-01-22,https://cards.scryfall.io/normal/front/9/9/996da623-1c34-4545-a800-648238ea91ae.jpg?1782712214
Goblin Dark-Dwellers,Oath of the Gatewatch,OGW,110,0.34,1,0.34,Yes,ddf91a4e-97f7-4189-823d-b619bb3b3d55,2016-01-22,https://cards.scryfall.io/normal/front/d/d/ddf91a4e-97f7-4189-823d-b619bb3b3d55.jpg?1782712197
Goblin Dark-Dwellers,Oath of the Gatewatch,OGW,110,0.35,1,0.35,No,ddf91a4e-97f7-4189-823d-b619bb3b3d55,2016-01-22,https://cards.scryfall.io/normal/front/d/d/ddf91a4e-97f7-4189-823d-b619bb3b3d55.jpg?1782712197
Inverter of Truth,Oath of the Gatewatch,OGW,72,0.98,1,0.98,No,88c9d8c5-333b-4281-b923-b4a060927bbc,2016-01-22,https://cards.scryfall.io/normal/front/8/8/88c9d8c5-333b-4281-b923-b4a060927bbc.jpg?1782712214
Zendikar Resurgent,Oath of the Gatewatch,OGW,147,3.0,1,3.0,No,67f02bc3-b565-4a38-8313-eb47ff31db8d,2016-01-22,https://cards.scryfall.io/normal/front/6/7/67f02bc3-b565-4a38-8313-eb47ff31db8d.jpg?1782712181
Angel of Renewal,Battle for Zendikar,BFZ,18,0.24,1,0.24,No,0f882ac2-3cbc-4548-8c83-d2a7443991df,2015-10-02,https://cards.scryfall.io/normal/front/0/f/0f882ac2-3cbc-4548-8c83-d2a7443991df.jpg?1782712541
Sol Ring,Commander 2014,C14,270,1.45,1,1.45,No,b79cb394-eb91-4b3b-91d4-c6a0f723feb1,2014-11-07,https://cards.scryfall.io/normal/front/b/7/b79cb394-eb91-4b3b-91d4-c6a0f723feb1.jpg?1782712899
Polymorphous Rush,Journey into Nyx,JOU,46,0.29,1,0.29,No,2ff5f703-339f-430c-b342-77bcc2c63222,2014-05-02,https://cards.scryfall.io/normal/front/2/f/2ff5f703-339f-430c-b342-77bcc2c63222.jpg?1782713423
Skybind,Journey into Nyx,JOU,25,0.49,1,0.49,No,91e3117a-0955-47fc-81c0-7a662c8c487f,2014-05-02,https://cards.scryfall.io/normal/front/9/1/91e3117a-0955-47fc-81c0-7a662c8c487f.jpg?1782713437
Spawn of Thraxes,Journey into Nyx,JOU,112,0.47,1,0.47,Yes,e13aa40e-c626-486d-8abc-10aa68542c5b,2014-05-02,https://cards.scryfall.io/normal/front/e/1/e13aa40e-c626-486d-8abc-10aa68542c5b.jpg?1782713382
Spiteful Blow,Journey into Nyx,JOU,83,0.22,1,0.22,No,fafaa798-e534-4cd0-b369-9e767a02fe3d,2014-05-02,https://cards.scryfall.io/normal/front/f/a/fafaa798-e534-4cd0-b369-9e767a02fe3d.jpg?1782713400
Worst Fears,Journey into Nyx,JOU,87,1.43,1,1.43,No,8f4e21ac-4f3e-4a3e-83c0-0a59a1b84020,2014-05-02,https://cards.scryfall.io/normal/front/8/f/8f4e21ac-4f3e-4a3e-83c0-0a59a1b84020.jpg?1782713397
Agoraphobia,Duel Decks: Jace vs. Vraska,DDM,22,0.25,1,0.25,No,b450de6b-4b2f-4004-be7c-484434f28faf,2014-03-14,https://cards.scryfall.io/normal/front/b/4/b450de6b-4b2f-4004-be7c-484434f28faf.jpg?1782751554
Corpse Traders,Duel Decks: Jace vs. Vraska,DDM,58,0.25,1,0.25,No,005ae9a2-b235-49ee-ae54-6875e087f43d,2014-03-14,https://cards.scryfall.io/normal/front/0/0/005ae9a2-b235-49ee-ae54-6875e087f43d.jpg?1782751532
Jace's Mindseeker,Duel Decks: Jace vs. Vraska,DDM,19,0.48,1,0.48,No,aeec1661-43e9-4e64-8798-c9aebad421e6,2014-03-14,https://cards.scryfall.io/normal/front/a/e/aeec1661-43e9-4e64-8798-c9aebad421e6.jpg?1782751557
"Jace, Architect of Thought",Duel Decks: Jace vs. Vraska,DDM,1,0.35,1,0.35,Yes,5410254f-cf9d-46c2-acea-07298ae65924,2014-03-14,https://cards.scryfall.io/normal/front/5/4/5410254f-cf9d-46c2-acea-07298ae65924.jpg?1782751568
Ohran Viper,Duel Decks: Jace vs. Vraska,DDM,57,1.27,1,1.27,No,6f9caaa9-7d8d-459a-8d6b-75f85877c426,2014-03-14,https://cards.scryfall.io/normal/front/6/f/6f9caaa9-7d8d-459a-8d6b-75f85877c426.jpg?1782751534
Reaper of the Wilds,Duel Decks: Jace vs. Vraska,DDM,63,0.35,1,0.35,No,016d333a-6a04-42ff-ba65-b3a5d251893e,2014-03-14,https://cards.scryfall.io/normal/front/0/1/016d333a-6a04-42ff-ba65-b3a5d251893e.jpg?1782751529
Spelltwine,Duel Decks: Jace vs. Vraska,DDM,34,0.49,1,0.49,No,0f749639-a16a-4865-afdb-f415324f2ed7,2014-03-14,https://cards.scryfall.io/normal/front/0/f/0f749639-a16a-4865-afdb-f415324f2ed7.jpg?1782751547
Treasured Find,Duel Decks: Jace vs. Vraska,DDM,70,0.3,1,0.3,No,9317b616-eabe-461a-bd60-6dd8620becb4,2014-03-14,https://cards.scryfall.io/normal/front/9/3/9317b616-eabe-461a-bd60-6dd8620becb4.jpg?1782751524
Underworld Connections,Duel Decks: Jace vs. Vraska,DDM,73,0.47,1,0.47,No,be2fef19-4ccb-4ca4-b4d6-46c258583290,2014-03-14,https://cards.scryfall.io/normal/front/b/e/be2fef19-4ccb-4ca4-b4d6-46c258583290.jpg?1782751522
Vraska the Unseen,Duel Decks: Jace vs. Vraska,DDM,42,0.63,1,0.63,Yes,19b9432d-9ae5-4821-b6c4-2e90240d8623,2014-03-14,https://cards.scryfall.io/normal/front/1/9/19b9432d-9ae5-4821-b6c4-2e90240d8623.jpg?1782751543
Courser of Kruphix,Born of the Gods,BNG,119,1.99,1,1.99,No,da5a807f-58e8-4d92-a61c-47bb9b28977f,2014-02-07,https://cards.scryfall.io/normal/front/d/a/da5a807f-58e8-4d92-a61c-47bb9b28977f.jpg?1782713486
Kiora's Follower,Born of the Gods,BNG,150,0.3,2,0.6,No,ec9ce307-8ec3-4db6-a4a3-49f92ebcc783,2014-02-07,https://cards.scryfall.io/normal/front/e/c/ec9ce307-8ec3-4db6-a4a3-49f92ebcc783.jpg?1782713466
Sol Ring,Commander 2013 Edition,C13,259,1.43,1,1.43,No,1b59533a-3e38-495d-873e-2f89fbd08494,2013-11-01,https://cards.scryfall.io/normal/front/1/b/1b59533a-3e38-495d-873e-2f89fbd08494.jpg?1782713598
Anger of the Gods,Theros,THS,112,0.5,1,0.5,No,90795891-5e67-47c0-8d52-a5e5c5a9ef81,2013-09-27,https://cards.scryfall.io/normal/front/9/0/90795891-5e67-47c0-8d52-a5e5c5a9ef81.jpg?1782713784
Arbor Colossus,Theros,THS,150,0.25,1,0.25,No,dfbd7c65-ebe5-47a6-8d2f-9a8c63a30a7b,2013-09-27,https://cards.scryfall.io/normal/front/d/f/dfbd7c65-ebe5-47a6-8d2f-9a8c63a30a7b.jpg?1782713758
Artisan of Forms,Theros,THS,40,0.3,1,0.3,No,a7f10198-1eef-4577-b375-b900b15060e1,2013-09-27,https://cards.scryfall.io/normal/front/a/7/a7f10198-1eef-4577-b375-b900b15060e1.jpg?1782713837
Curse of the Swine,Theros,THS,46,0.32,1,0.32,No,78831fc6-ea90-4546-b46a-9c192dbefc65,2013-09-27,https://cards.scryfall.io/normal/front/7/8/78831fc6-ea90-4546-b46a-9c192dbefc65.jpg?1782713835
Horizon Chimera,Theros,THS,194,0.2,1,0.2,No,73b0e296-d556-4e76-bb2e-5a640e070bb5,2013-09-27,https://cards.scryfall.io/normal/front/7/3/73b0e296-d556-4e76-bb2e-5a640e070bb5.jpg?1782713732
Magma Jet,Theros,THS,128,0.25,1,0.25,No,8b0686b0-27a2-46bc-bc04-717f368d9a78,2013-09-27,https://cards.scryfall.io/normal/front/8/b/8b0686b0-27a2-46bc-bc04-717f368d9a78.jpg?1782713774
"Nykthos, Shrine to Nyx",Theros,THS,223,38.76,1,38.76,No,834b27a0-dfd7-4f96-8cde-cacac4b24acc,2013-09-27,https://cards.scryfall.io/normal/front/8/3/834b27a0-dfd7-4f96-8cde-cacac4b24acc.jpg?1782713715
Ordeal of Purphoros,Theros,THS,131,0.2,1,0.2,No,efb74ccc-5ae5-4437-a0b4-c621ab4c2257,2013-09-27,https://cards.scryfall.io/normal/front/e/f/efb74ccc-5ae5-4437-a0b4-c621ab4c2257.jpg?1782713772
Sealock Monster,Theros,THS,62,0.2,2,0.4,No,3f942075-b285-495c-941e-6f1da48d7948,2013-09-27,https://cards.scryfall.io/normal/front/3/f/3f942075-b285-495c-941e-6f1da48d7948.jpg?1782713820
Shipbreaker Kraken,Theros,THS,63,0.56,1,0.56,Yes,4585565b-c743-4264-a647-4480ff5a3bbf,2013-09-27,https://cards.scryfall.io/normal/front/4/5/4585565b-c743-4264-a647-4480ff5a3bbf.jpg?1782713819
Swan Song,Theros,THS,65,9.2,1,9.2,No,efd26041-059b-4a1e-9ce8-c3cfd69a3721,2013-09-27,https://cards.scryfall.io/normal/front/e/f/efd26041-059b-4a1e-9ce8-c3cfd69a3721.jpg?1782713819
Tormented Hero,Theros,THS,108,0.2,1,0.2,No,c101cf1b-cedf-4b74-9e3c-35f9a8695a8f,2013-09-27,https://cards.scryfall.io/normal/front/c/1/c101cf1b-cedf-4b74-9e3c-35f9a8695a8f.jpg?1782713789
Angelic Accord,Magic 2014 Core Set,M14,3,0.81,2,1.63,No,03f26bc2-53d7-4448-8021-de35aa82fcc6,2013-07-19,https://cards.scryfall.io/normal/front/0/3/03f26bc2-53d7-4448-8021-de35aa82fcc6.jpg?1782713981
Seraph of the Sword,Magic 2014 Core Set,M14,31,0.5,1,0.5,No,d9789cac-5774-4f72-82c3-18f11f9d4a62,2013-07-19,https://cards.scryfall.io/normal/front/d/9/d9789cac-5774-4f72-82c3-18f11f9d4a62.jpg?1782713973
Biovisionary,Gatecrash,GTC,146,0.59,1,0.59,No,2000b4e8-7887-454e-9d52-211516613dd0,2013-02-01,https://cards.scryfall.io/normal/front/2/0/2000b4e8-7887-454e-9d52-211516613dd0.jpg?1782714087
Frontline Medic,Gatecrash,GTC,12,0.37,2,0.74,No,711a5eca-531d-4b07-b7df-9b06bad491be,2013-02-01,https://cards.scryfall.io/normal/front/7/1/711a5eca-531d-4b07-b7df-9b06bad491be.jpg?1782714154
Luminate Primordial,Gatecrash,GTC,20,0.47,1,0.47,No,b0747b12-c75a-4fdf-a881-f2383a23ccdd,2013-02-01,https://cards.scryfall.io/normal/front/b/0/b0747b12-c75a-4fdf-a881-f2383a23ccdd.jpg?1782714151
Orzhov Charm,Gatecrash,GTC,185,0.25,1,0.25,No,8ca44265-5e1b-4fbf-9002-52b2ce9b7448,2013-02-01,https://cards.scryfall.io/normal/front/8/c/8ca44265-5e1b-4fbf-9002-52b2ce9b7448.jpg?1782714066
Orzhov Keyrune,Gatecrash,GTC,233,0.25,1,0.25,No,fd5c0f38-916a-4f6c-b678-7447cb0709e0,2013-02-01,https://cards.scryfall.io/normal/front/f/d/fd5c0f38-916a-4f6c-b678-7447cb0709e0.jpg?1782714039
Treasury Thrull,Gatecrash,GTC,201,0.26,1,0.26,Yes,f013e6f0-85d0-4c8e-a10b-7beea572c32d,2013-02-01,https://cards.scryfall.io/normal/front/f/0/f013e6f0-85d0-4c8e-a10b-7beea572c32d.jpg?1782714057
Zameck Guildmage,Gatecrash,GTC,209,0.25,1,0.25,No,feeaf99b-7720-42e3-8cb1-23218b646458,2013-02-01,https://cards.scryfall.io/normal/front/f/e/feeaf99b-7720-42e3-8cb1-23218b646458.jpg?1782714052
Abrupt Decay,Return to Ravnica,RTR,141,1.48,1,1.48,No,3b1e92b4-6e53-4dba-a572-c67e01965ac5,2012-10-05,https://cards.scryfall.io/normal/front/3/b/3b1e92b4-6e53-4dba-a572-c67e01965ac5.jpg?1782714224
Death's Presence,Return to Ravnica,RTR,121,0.5,1,0.5,No,fa82c57d-4bb9-407c-b973-7abc793b6f47,2012-10-05,https://cards.scryfall.io/normal/front/f/a/fa82c57d-4bb9-407c-b973-7abc793b6f47.jpg?1782714233
Golgari Keyrune,Return to Ravnica,RTR,229,0.24,1,0.24,No,913b803f-ba82-4660-86be-49677d1e32c9,2012-10-05,https://cards.scryfall.io/normal/front/9/1/913b803f-ba82-4660-86be-49677d1e32c9.jpg?1782714181
Heroes' Reunion,Return to Ravnica,RTR,168,0.24,1,0.24,No,99b56515-f688-495c-b721-2b9abc6628c2,2012-10-05,https://cards.scryfall.io/normal/front/9/9/99b56515-f688-495c-b721-2b9abc6628c2.jpg?1782714210
Lotleth Troll,Return to Ravnica,RTR,177,0.3,1,0.3,No,3b628197-f26c-457a-b9a4-c1f1d3e02f3d,2012-10-05,https://cards.scryfall.io/normal/front/3/b/3b628197-f26c-457a-b9a4-c1f1d3e02f3d.jpg?1782714206
Vampire Nocturnus,Magic 2013,M13,113,7.04,1,7.04,No,8daccbbb-6600-4467-810f-277f01a11771,2012-07-13,https://cards.scryfall.io/normal/front/8/d/8daccbbb-6600-4467-810f-277f01a11771.jpg?1782714357
Isolated Chapel,Innistrad,ISD,242,1.13,1,1.13,No,b3c1a371-5ded-4a3a-bf96-503c4f1a665d,2011-09-30,https://cards.scryfall.io/normal/front/b/3/b3c1a371-5ded-4a3a-bf96-503c4f1a665d.jpg?1782714677
Mordant Dragon,Duel Decks: Knights vs. Dragons,DDG,58,0.49,1,0.49,No,b278baec-573a-4864-9bc5-4941ceb5adb2,2011-04-01,https://cards.scryfall.io/normal/front/b/2/b278baec-573a-4864-9bc5-4941ceb5adb2.jpg?1782752623
Captivating Vampire,Magic 2011,M11,87,2.71,1,2.71,No,f99b0735-cc3c-48dc-a7ad-b7d9eea45e54,2010-07-16,https://cards.scryfall.io/normal/front/f/9/f99b0735-cc3c-48dc-a7ad-b7d9eea45e54.jpg?1782715408
Nirkana Revenant,Rise of the Eldrazi,ROE,120,7.99,1,7.99,No,aa7c53cf-d314-4f60-bb5b-cf5068ed9915,2010-04-23,https://cards.scryfall.io/normal/front/a/a/aa7c53cf-d314-4f60-bb5b-cf5068ed9915.jpg?1782715485
Vampire Hexmage,Zendikar,ZEN,114,0.45,2,0.9,No,93d2c4d1-6205-404a-b03d-995b90a3a33a,2009-10-02,https://cards.scryfall.io/normal/front/9/3/93d2c4d1-6205-404a-b03d-995b90a3a33a.jpg?1782715643
Vampire Nocturnus,Magic 2010,M10,118,7.05,1,7.05,No,9df4f1ea-dbaa-456c-884c-97f03b64fa17,2009-07-17,https://cards.scryfall.io/normal/front/9/d/9df4f1ea-dbaa-456c-884c-97f03b64fa17.jpg?1782715735
Afflict,Odyssey,ODY,115,0.24,1,0.24,No,0012621b-c0e1-48d6-99b9-ecca4763d748,2001-10-01,https://cards.scryfall.io/normal/front/0/0/0012621b-c0e1-48d6-99b9-ecca4763d748.jpg?1782719409
Bloodfire Kavu,Apocalypse,APC,58,0.25,1,0.25,No,1442b1f3-8c2c-4553-906f-c864fcdc6ae5,2001-06-04,https://cards.scryfall.io/normal/front/1/4/1442b1f3-8c2c-4553-906f-c864fcdc6ae5.jpg?1782719495
Brass Herald,Apocalypse,APC,133,0.3,1,0.3,No,89bd60a7-2ba4-4fce-bf74-2ea9b8fd4dbe,2001-06-04,https://cards.scryfall.io/normal/front/8/9/89bd60a7-2ba4-4fce-bf74-2ea9b8fd4dbe.jpg?1782719462
Caves of Koilos,Apocalypse,APC,140,13.45,2,26.9,No,144dd08e-451e-4438-b572-7a138e1a15f3,2001-06-04,https://cards.scryfall.io/normal/front/1/4/144dd08e-451e-4438-b572-7a138e1a15f3.jpg?1782719460
Death Grasp,Apocalypse,APC,95,0.6,1,0.6,No,0e893dd4-8c37-496e-bc39-cd83d42b4cc4,2001-06-04,https://cards.scryfall.io/normal/front/0/e/0e893dd4-8c37-496e-bc39-cd83d42b4cc4.jpg?1782719480
Dodecapod,Apocalypse,APC,134,0.25,1,0.25,No,ded8b992-a1c2-4e43-ad0a-ea3995a3c8b8,2001-06-04,https://cards.scryfall.io/normal/front/d/e/ded8b992-a1c2-4e43-ad0a-ea3995a3c8b8.jpg?1782719462
Emblazoned Golem,Apocalypse,APC,136,0.25,2,0.5,No,98527fc6-4f4c-4ded-9e72-49186b7e5bd3,2001-06-04,https://cards.scryfall.io/normal/front/9/8/98527fc6-4f4c-4ded-9e72-49186b7e5bd3.jpg?1782719461
Gaea's Balance,Apocalypse,APC,77,0.27,1,0.27,No,f1ffc5f8-ff1c-4733-b046-8679fa16371b,2001-06-04,https://cards.scryfall.io/normal/front/f/1/f1ffc5f8-ff1c-4733-b046-8679fa16371b.jpg?1782719486
Goblin Ringleader,Apocalypse,APC,62,1.9,1,1.9,No,b6b2cd77-9552-48b1-80cb-26966323c1ea,2001-06-04,https://cards.scryfall.io/normal/front/b/6/b6b2cd77-9552-48b1-80cb-26966323c1ea.jpg?1782719493
Kavu Mauler,Apocalypse,APC,80,0.49,1,0.49,No,79adc3af-5fa3-4cb6-9bbc-52ede0c69263,2001-06-04,https://cards.scryfall.io/normal/front/7/9/79adc3af-5fa3-4cb6-9bbc-52ede0c69263.jpg?1782719485
Mask of Intolerance,Apocalypse,APC,138,0.47,1,0.47,No,f623ae51-5f15-4153-b2ed-d03b57b7db54,2001-06-04,https://cards.scryfall.io/normal/front/f/6/f623ae51-5f15-4153-b2ed-d03b57b7db54.jpg?1782719460
Whirlpool Drake,Apocalypse,APC,34,0.35,1,0.35,No,6e866093-89a3-458d-8ebc-de805ef7885e,2001-06-04,https://cards.scryfall.io/normal/front/6/e/6e866093-89a3-458d-8ebc-de805ef7885e.jpg?1782719505
Dakmor Lancer,Seventh Edition,7ED,126,0.25,1,0.25,No,660cc594-63f5-4819-a556-7a9484145f72,2001-04-11,https://cards.scryfall.io/normal/front/6/6/660cc594-63f5-4819-a556-7a9484145f72.jpg?1782719751
Meddling Mage,Planeshift,PLS,116,28.99,1,28.99,No,176f84c6-aa5e-449c-bd2b-cc91a898f0c7,2001-02-05,https://cards.scryfall.io/normal/front/1/7/176f84c6-aa5e-449c-bd2b-cc91a898f0c7.jpg?1782719896
Cauldron Dance,Invasion,INV,238,0.46,2,0.92,No,8dadcae0-f2b2-487c-bb93-0a2c073044c0,2000-10-02,https://cards.scryfall.io/normal/front/8/d/8dadcae0-f2b2-487c-bb93-0a2c073044c0.jpg?1782719987
Fires of Yavimaya,Invasion,INV,246,0.83,1,0.83,No,967f1658-8777-46fc-a648-07fb19e46745,2000-10-02,https://cards.scryfall.io/normal/front/9/6/967f1658-8777-46fc-a648-07fb19e46745.jpg?1782719984
Yavimaya Kavu,Invasion,INV,291,0.25,1,0.25,No,1872f104-7cf1-41e3-b1b4-ca75c678e08b,2000-10-02,https://cards.scryfall.io/normal/front/1/8/1872f104-7cf1-41e3-b1b4-ca75c678e08b.jpg?1782719966
Mine Bearer,Prophecy,PCY,16,0.2,1,0.2,No,a8151510-2445-4244-b851-ab332b908170,2000-06-05,https://cards.scryfall.io/normal/front/a/8/a8151510-2445-4244-b851-ab332b908170.jpg?1782720160
Alley Grifters,Mercadian Masques,MMQ,115,0.24,1,0.24,No,cfb648e3-f5ad-4b33-afa3-d4cda0d369a1,1999-10-04,https://cards.scryfall.io/normal/front/c/f/cfb648e3-f5ad-4b33-afa3-d4cda0d369a1.jpg?1782720320
Barbed Wire,Mercadian Masques,MMQ,287,3.62,1,3.62,No,be9e2e59-1527-4c61-9cc9-dcaf1181bd43,1999-10-04,https://cards.scryfall.io/normal/front/b/e/be9e2e59-1527-4c61-9cc9-dcaf1181bd43.jpg?1782720251
Credit Voucher,Mercadian Masques,MMQ,289,0.84,1,0.84,No,1ab65242-17ad-4c22-9c70-aac8076d1b4c,1999-10-04,https://cards.scryfall.io/normal/front/1/a/1ab65242-17ad-4c22-9c70-aac8076d1b4c.jpg?1782720250
Iron Lance,Mercadian Masques,MMQ,300,0.25,1,0.25,No,41f7d212-faf2-4a6f-a338-d9e5014b56d5,1999-10-04,https://cards.scryfall.io/normal/front/4/1/41f7d212-faf2-4a6f-a338-d9e5014b56d5.jpg?1782720245
Rishadan Pawnshop,Mercadian Masques,MMQ,311,0.58,1,0.58,No,2c5fc9fc-a0f9-4f56-8368-2d7e1fec5ba0,1999-10-04,https://cards.scryfall.io/normal/front/2/c/2c5fc9fc-a0f9-4f56-8368-2d7e1fec5ba0.jpg?1782720241
Skull of Ramos,Mercadian Masques,MMQ,312,1.25,1,1.25,No,f071957c-9bea-4d00-9ffd-30f98d57b8d2,1999-10-04,https://cards.scryfall.io/normal/front/f/0/f071957c-9bea-4d00-9ffd-30f98d57b8d2.jpg?1782720240
Hidden Predators,Urza's Saga,USG,263,0.5,1,0.5,No,27f8ee86-a576-4f40-b165-be5b4558507d,1998-10-12,https://cards.scryfall.io/normal/front/2/7/27f8ee86-a576-4f40-b165-be5b4558507d.jpg?1782720646
Smoldering Crater,Urza's Saga,USG,328,0.26,1,0.26,No,e9940ce4-09d7-4e89-b456-e3126a83cfe1,1998-10-12,https://cards.scryfall.io/normal/front/e/9/e9940ce4-09d7-4e89-b456-e3126a83cfe1.jpg?1782720617
Reckless Ogre,Exodus,EXO,98,0.22,1,0.22,No,90d27b79-a22d-48d9-86b2-7ad02cab8697,1998-06-15,https://cards.scryfall.io/normal/front/9/0/90d27b79-a22d-48d9-86b2-7ad02cab8697.jpg?1782720779
Disenchant,Fifth Edition,5ED,26,0.25,1,0.25,No,18720641-3a34-48f1-954e-49a703f12578,1997-03-24,https://cards.scryfall.io/normal/front/1/8/18720641-3a34-48f1-954e-49a703f12578.jpg?1782721254
Funeral March,Fifth Edition,5ED,164,0.24,1,0.24,No,96e7bbae-1438-4a47-9c14-c4b6d8702ec4,1997-03-24,https://cards.scryfall.io/normal/front/9/6/96e7bbae-1438-4a47-9c14-c4b6d8702ec4.jpg?1782721195
Hungry Mist,Homelands,HML,88a,0.2,1,0.2,No,085973eb-56cd-4bb5-aefd-bdf36f2d2a3e,1995-10-01,https://cards.scryfall.io/normal/front/0/8/085973eb-56cd-4bb5-aefd-bdf36f2d2a3e.jpg?1782721562
Samite Alchemist,Homelands,HML,13a,0.19,1,0.19,No,68224871-d4c2-4b43-9ab8-c0685588b035,1995-10-01,https://cards.scryfall.io/normal/front/6/8/68224871-d4c2-4b43-9ab8-c0685588b035.jpg?1782721599
Armor of Faith,Ice Age,ICE,4,0.25,1,0.25,No,fccbbc47-99c6-4ba9-95c2-992d5d2a67b2,1995-06-03,https://cards.scryfall.io/normal/front/f/c/fccbbc47-99c6-4ba9-95c2-992d5d2a67b2.jpg?1782721766
Blizzard,Ice Age,ICE,227,0.9,1,0.9,No,c369e4f9-0f2b-446c-9e2d-d3eefab0586d,1995-06-03,https://cards.scryfall.io/normal/front/c/3/c369e4f9-0f2b-446c-9e2d-d3eefab0586d.jpg?1782721667
Circle of Protection: Green,Ice Age,ICE,14,0.24,1,0.24,No,487dfb1f-b3ab-4daa-bbd9-c43dc91a5fba,1995-06-03,https://cards.scryfall.io/normal/front/4/8/487dfb1f-b3ab-4daa-bbd9-c43dc91a5fba.jpg?1782721761
Illusionary Forces,Ice Age,ICE,75,0.22,1,0.22,No,ab02268e-01cf-4729-95ca-5773afd40b56,1995-06-03,https://cards.scryfall.io/normal/front/a/b/ab02268e-01cf-4729-95ca-5773afd40b56.jpg?1782721734
Juniper Order Druid,Ice Age,ICE,251,0.22,1,0.22,No,cb211704-ff8e-498b-b7bb-f8384f198ffd,1995-06-03,https://cards.scryfall.io/normal/front/c/b/cb211704-ff8e-498b-b7bb-f8384f198ffd.jpg?1782721658
Kjeldoran Warrior,Ice Age,ICE,41,0.23,1,0.23,No,ce76f38f-566e-49ff-b197-510cfa1cb51c,1995-06-03,https://cards.scryfall.io/normal/front/c/e/ce76f38f-566e-49ff-b197-510cfa1cb51c.jpg?1782721749
Sabretooth Tiger,Ice Age,ICE,215,0.24,1,0.24,No,6914c5a8-2114-41c5-a471-ca97524d622f,1995-06-03,https://cards.scryfall.io/normal/front/6/9/6914c5a8-2114-41c5-a471-ca97524d622f.jpg?1782721672
Scaled Wurm,Ice Age,ICE,262,0.25,1,0.25,No,499cd7fa-c86c-4a5f-b36d-8160e8a6af1f,1995-06-03,https://cards.scryfall.io/normal/front/4/9/499cd7fa-c86c-4a5f-b36d-8160e8a6af1f.jpg?1782721654
Tarpan,Ice Age,ICE,267,0.24,1,0.24,No,b1420ec5-367c-4514-86c5-3993bf339e37,1995-06-03,https://cards.scryfall.io/normal/front/b/1/b1420ec5-367c-4514-86c5-3993bf339e37.jpg?1782721652
Animate Dead,Fourth Edition,4ED,118,6.36,1,6.36,No,cc1dc456-1f64-4f24-a646-84c57e641b3b,1995-04-01,https://cards.scryfall.io/normal/front/c/c/cc1dc456-1f64-4f24-a646-84c57e641b3b.jpg?1782721904
Black Vise,Fourth Edition,4ED,299,2.13,1,2.13,No,196b83a1-2a25-498d-83b8-8faacd79909d,1995-04-01,https://cards.scryfall.io/normal/front/1/9/196b83a1-2a25-498d-83b8-8faacd79909d.jpg?1782721805
Bog Imp,Fourth Edition,4ED,123,0.22,1,0.22,No,c50c3053-3cf3-40d3-bc9e-2fc292f11c34,1995-04-01,https://cards.scryfall.io/normal/front/c/5/c50c3053-3cf3-40d3-bc9e-2fc292f11c34.jpg?1782721901
Counterspell,Fourth Edition,4ED,65,1.98,1,1.98,No,e8493631-6c9c-40a8-b7de-ecf26ba6bf7d,1995-04-01,https://cards.scryfall.io/normal/front/e/8/e8493631-6c9c-40a8-b7de-ecf26ba6bf7d.jpg?1782721929
Dark Ritual,Fourth Edition,4ED,129,3.22,1,3.22,No,3477f601-5374-4316-a74e-b5e198af482b,1995-04-01,https://cards.scryfall.io/normal/front/3/4/3477f601-5374-4316-a74e-b5e198af482b.jpg?1782721898
Disenchant,Fourth Edition,4ED,22,0.23,1,0.23,No,a915f261-2cdc-499c-9163-da5b628b0127,1995-04-01,https://cards.scryfall.io/normal/front/a/9/a915f261-2cdc-499c-9163-da5b628b0127.jpg?1782721951
Erg Raiders,Fourth Edition,4ED,135,0.2,1,0.2,No,472c83ff-66aa-485b-9ca7-aef8731de20a,1995-04-01,https://cards.scryfall.io/normal/front/4/7/472c83ff-66aa-485b-9ca7-aef8731de20a.jpg?1782721895
Howl from Beyond,Fourth Edition,4ED,141,0.24,2,0.48,No,5dba7b1e-90a0-419e-bcba-a6b19beacf29,1995-04-01,https://cards.scryfall.io/normal/front/5/d/5dba7b1e-90a0-419e-bcba-a6b19beacf29.jpg?1782721892
Hurloon Minotaur,Fourth Edition,4ED,202,0.23,1,0.23,No,5c2c27de-e788-4ad7-b1e3-030e7ef00471,1995-04-01,https://cards.scryfall.io/normal/front/5/c/5c2c27de-e788-4ad7-b1e3-030e7ef00471.jpg?1782721858
Paralyze,Fourth Edition,4ED,151,0.24,2,0.49,No,d0bcad9a-b69c-434a-8d48-6b727bd8e382,1995-04-01,https://cards.scryfall.io/normal/front/d/0/d0bcad9a-b69c-434a-8d48-6b727bd8e382.jpg?1782721887
Power Sink,Fourth Edition,4ED,93,0.22,1,0.22,No,e91c51ab-c8b1-47be-8169-7f842712771c,1995-04-01,https://cards.scryfall.io/normal/front/e/9/e91c51ab-c8b1-47be-8169-7f842712771c.jpg?1782721915
Raise Dead,Fourth Edition,4ED,156,0.23,1,0.23,No,2096e54e-1a55-4fd7-8415-a6f2fdb2a536,1995-04-01,https://cards.scryfall.io/normal/front/2/0/2096e54e-1a55-4fd7-8415-a6f2fdb2a536.jpg?1782721884
Spell Blast,Fourth Edition,4ED,103,0.22,1,0.22,No,008df307-f010-47bc-8548-65a1c7b1c4b8,1995-04-01,https://cards.scryfall.io/normal/front/0/0/008df307-f010-47bc-8548-65a1c7b1c4b8.jpg?1782721911
Stream of Life,Fourth Edition,4ED,272,0.24,1,0.24,No,ca367627-9be3-4e80-a214-0b3f0f2ab867,1995-04-01,https://cards.scryfall.io/normal/front/c/a/ca367627-9be3-4e80-a214-0b3f0f2ab867.jpg?1782721819
Unstable Mutation,Fourth Edition,4ED,110,0.23,2,0.46,No,841ae3a3-30b5-4f0c-ad2f-af3d5e0da2e9,1995-04-01,https://cards.scryfall.io/normal/front/8/4/841ae3a3-30b5-4f0c-ad2f-af3d5e0da2e9.jpg?1782721908
Unsummon,Fourth Edition,4ED,111,0.23,1,0.23,No,338948aa-463d-4af4-a0d6-64132512334c,1995-04-01,https://cards.scryfall.io/normal/front/3/3/338948aa-463d-4af4-a0d6-64132512334c.jpg?1782721907
Wall of Spears,Fourth Edition,4ED,356,0.23,1,0.23,No,ad580bfc-8827-4a8a-a5ec-b6195b3146bb,1995-04-01,https://cards.scryfall.io/normal/front/a/d/ad580bfc-8827-4a8a-a5ec-b6195b3146bb.jpg?1782721778
Word of Binding,Fourth Edition,4ED,172,0.2,1,0.2,No,715472e1-585b-4379-b335-8f3b5e572d83,1995-04-01,https://cards.scryfall.io/normal/front/7/1/715472e1-585b-4379-b335-8f3b5e572d83.jpg?1782721875
Implements of Sacrifice,Fallen Empires,FEM,88,0.68,1,0.68,No,aa5deb95-79a6-4398-b82a-c1df169550d9,1994-11-01,https://cards.scryfall.io/normal/front/a/a/aa5deb95-79a6-4398-b82a-c1df169550d9.jpg?1782721969
Order of the Ebon Hand,Fallen Empires,FEM,42a,0.25,1,0.25,No,9e51f5d8-a7cc-4720-8af5-e002bcfd78a0,1994-11-01,https://cards.scryfall.io/normal/front/9/e/9e51f5d8-a7cc-4720-8af5-e002bcfd78a0.jpg?1782722008
Thallid,Fallen Empires,FEM,74a,0.25,1,0.25,No,4caaf31b-86a9-485b-8da7-d5b526ed1233,1994-11-01,https://cards.scryfall.io/normal/front/4/c/4caaf31b-86a9-485b-8da7-d5b526ed1233.jpg?1782721977
Divine Offering,Legends,LEG,9,0.75,1,0.75,No,9c78c2f3-2f40-48ad-9dc4-55d1fa399a56,1994-06-01,https://cards.scryfall.io/normal/front/9/c/9c78c2f3-2f40-48ad-9dc4-55d1fa399a56.jpg?1782722381
Black Vise,Revised Edition,3ED,236,1.2,1,1.2,No,1bae1867-d5bb-4204-9fb1-59d6663bc161,1994-04-11,https://cards.scryfall.io/normal/front/1/b/1bae1867-d5bb-4204-9fb1-59d6663bc161.jpg?1782722417
Dark Ritual,Revised Edition,3ED,99,2.99,2,5.98,No,48cb9467-657e-453f-afc8-1bf7121570ad,1994-04-11,https://cards.scryfall.io/normal/front/4/8/48cb9467-657e-453f-afc8-1bf7121570ad.jpg?1782722487
Drain Life,Revised Edition,3ED,106,0.25,1,0.25,No,d89c1d2f-87a1-4463-af21-b837da3e7d74,1994-04-11,https://cards.scryfall.io/normal/front/d/8/d89c1d2f-87a1-4463-af21-b837da3e7d74.jpg?1782722484
Drudge Skeletons,Revised Edition,3ED,107,0.23,1,0.23,No,59145073-2cfd-4153-a6d8-47ad42e739c3,1994-04-11,https://cards.scryfall.io/normal/front/5/9/59145073-2cfd-4153-a6d8-47ad42e739c3.jpg?1782722483
Energy Flux,Revised Edition,3ED,57,0.36,1,0.36,No,9c4e6d03-68d5-4275-a76c-078d0a9a2b54,1994-04-11,https://cards.scryfall.io/normal/front/9/c/9c4e6d03-68d5-4275-a76c-078d0a9a2b54.jpg?1782722508
Firebreathing,Revised Edition,3ED,151,0.23,1,0.23,No,16682a6e-8d86-4ad6-a6b1-3171000cc708,1994-04-11,https://cards.scryfall.io/normal/front/1/6/16682a6e-8d86-4ad6-a6b1-3171000cc708.jpg?1782722460
Flight,Revised Edition,3ED,59,0.25,1,0.25,No,133aaa10-610b-41be-9327-591f517a4baa,1994-04-11,https://cards.scryfall.io/normal/front/1/3/133aaa10-610b-41be-9327-591f517a4baa.jpg?1782722506
Mesa Pegasus,Revised Edition,3ED,28,0.25,1,0.25,No,ce7e6bfb-9038-48b5-bfaf-9450c503c69e,1994-04-11,https://cards.scryfall.io/normal/front/c/e/ce7e6bfb-9038-48b5-bfaf-9450c503c69e.jpg?1782722521
Pestilence,Revised Edition,3ED,122,0.36,1,0.36,No,b6647e7d-b0ad-4170-8dce-ea4c89897c6a,1994-04-11,https://cards.scryfall.io/normal/front/b/6/b6647e7d-b0ad-4170-8dce-ea4c89897c6a.jpg?1782722476
Prodigal Sorcerer,Revised Edition,3ED,75,0.24,1,0.24,No,20f1411b-a5ad-4d49-915b-ad8a21d51342,1994-04-11,https://cards.scryfall.io/normal/front/2/0/20f1411b-a5ad-4d49-915b-ad8a21d51342.jpg?1782722499
Regeneration,Revised Edition,3ED,213,0.23,1,0.23,No,6cd37ba7-b821-444e-b31b-aa667a8914e9,1994-04-11,https://cards.scryfall.io/normal/front/6/c/6cd37ba7-b821-444e-b31b-aa667a8914e9.jpg?1782722428
Resurrection,Revised Edition,3ED,34,0.3,1,0.3,No,c159804d-8757-4172-a661-4f9ee068fce1,1994-04-11,https://cards.scryfall.io/normal/front/c/1/c159804d-8757-4172-a661-4f9ee068fce1.jpg?1782722519
Shanodin Dryads,Revised Edition,3ED,216,0.24,1,0.24,No,bf1889aa-59e9-4d67-ab53-9aec071ab67a,1994-04-11,https://cards.scryfall.io/normal/front/b/f/bf1889aa-59e9-4d67-ab53-9aec071ab67a.jpg?1782722428
Stream of Life,Revised Edition,3ED,217,0.25,1,0.25,No,bab7e4b7-acdd-4316-ae64-b182e4d9cacd,1994-04-11,https://cards.scryfall.io/normal/front/b/a/bab7e4b7-acdd-4316-ae64-b182e4d9cacd.jpg?1782722428
Tranquility,Revised Edition,3ED,221,0.25,2,0.5,No,5722c349-bf3d-4ac0-8fdd-bf170401c419,1994-04-11,https://cards.scryfall.io/normal/front/5/7/5722c349-bf3d-4ac0-8fdd-bf170401c419.jpg?1782722425
Unholy Strength,Revised Edition,3ED,133,0.25,1,0.25,No,3ac35077-91e9-446c-9cb2-e2cfb9fa2962,1994-04-11,https://cards.scryfall.io/normal/front/3/a/3ac35077-91e9-446c-9cb2-e2cfb9fa2962.jpg?1782722470
Unsummon,Revised Edition,3ED,87,0.25,1,0.25,No,e7bf32d8-dad7-4192-8cb6-ae75d8204ba3,1994-04-11,https://cards.scryfall.io/normal/front/e/7/e7bf32d8-dad7-4192-8cb6-ae75d8204ba3.jpg?1782722493
Wall of Swords,Revised Edition,3ED,43,0.3,1,0.3,No,4390978b-f647-4720-8caa-00eeecff8471,1994-04-11,https://cards.scryfall.io/normal/front/4/3/4390978b-f647-4720-8caa-00eeecff8471.jpg?1782722514
Wild Growth,Revised Edition,3ED,230,0.42,1,0.42,No,8000c8f8-d4c3-4dbc-a73e-9b82b0478061,1994-04-11,https://cards.scryfall.io/normal/front/8/0/8000c8f8-d4c3-4dbc-a73e-9b82b0478061.jpg?1782722422
Fog,Unlimited Edition,2ED,194,1.04,1,1.04,No,ba0a14ac-037a-42f2-8fc9-2a41275dc7da,1993-12-01,https://cards.scryfall.io/normal/front/b/a/ba0a14ac-037a-42f2-8fc9-2a41275dc7da.jpg?1782722656
Ley Druid,Unlimited Edition,2ED,206,2.45,1,2.45,No,30c3f2cd-5113-45f5-bb8d-4a7d5c4c76a5,1993-12-01,https://cards.scryfall.io/normal/front/3/0/30c3f2cd-5113-45f5-bb8d-4a7d5c4c76a5.jpg?1782722651
Rod of Ruin,Unlimited Edition,2ED,269,1.52,1,1.52,No,0f047f5b-af97-4662-ab06-698a5f6f5a57,1993-12-01,https://cards.scryfall.io/normal/front/0/f/0f047f5b-af97-4662-ab06-698a5f6f5a57.jpg?1782722625
Spell Blast,Unlimited Edition,2ED,80,0.99,1,0.99,No,9ec03950-80f7-4783-9b65-f2538436c9be,1993-12-01,https://cards.scryfall.io/normal/front/9/e/9ec03950-80f7-4783-9b65-f2538436c9be.jpg?1782722707
Temple of Mystery,Unique and Miscellaneous Promos,SOC,414,0.62,1,0.62,Yes,258077cf-edef-40fe-ab46-03c965ebe990,,https://cards.scryfall.io/normal/front/2/5/258077cf-edef-40fe-ab46-03c965ebe990.jpg?1782683065
Prognostic Sphinx,Unique and Miscellaneous Promos,DSC,124,0.41,1,0.41,Yes,d9d36763-2975-4b5c-aeda-2d0159cb5191,,https://cards.scryfall.io/normal/front/d/9/d9d36763-2975-4b5c-aeda-2d0159cb5191.jpg?1782689875
"Mavren Fein, Dusk Apostle",Promo Pack: Core Set 2020,LCC,133,4.91,1,4.91,No,fdc3e998-760b-41ca-9f92-270aaa82f3fb,,https://cards.scryfall.io/normal/front/f/d/fdc3e998-760b-41ca-9f92-270aaa82f3fb.jpg?1782694773
Hydra Broodmaster,Unique and Miscellaneous Promos,C21,194,0.48,1,0.48,Yes,5b11bb5a-66e3-4dc6-9df4-e1683c57e488,,https://cards.scryfall.io/normal/front/5/b/5b11bb5a-66e3-4dc6-9df4-e1683c57e488.jpg?1782705191
Flame Sweep,Promo Pack: Core Set 2020,M20,139,0.43,1,0.43,No,4702a838-8577-49b6-8b7a-f9b6d2929481,,https://cards.scryfall.io/normal/front/4/7/4702a838-8577-49b6-8b7a-f9b6d2929481.jpg?1782708296
Old-Fashioned Vampire,Unstable,UST,62,0.25,2,0.5,No,a2c576ec-bb05-446b-8b0b-20d4246831ee,,https://cards.scryfall.io/normal/front/a/2/a2c576ec-bb05-446b-8b0b-20d4246831ee.jpg?1782748251
